,Title,Link
0, 18년 전 DJ가 뚫었던 '핫라인'···文대통령 재개통 '눈앞에' ,http://news.naver.com/main/hotissue/sectionList.nhn?sid1=100&gid=1075323&mid=hot&viewType=pc&cid=1049580&nh=20180404142233#1077950
1, 금융사 연체가산금리 최대 3%P로 인하…이달말부터 시행 ,http://news.naver.com/main/read.nhn?oid=001&sid1=101&aid=0010003898&mid=shm&viewType=pc&mode=LSD&nh=20180404152900
2, 개헌 시계 째깍째깍…이견은 커지는데 헛바퀴만 도는 협상 ,http://news.naver.com/main/hotissue/sectionList.nhn?sid1=100&mid=hot&viewType=pc&cid=1077611&nh=20180404154213#1077751
3," 외교부 ""호주서 우리국민 폭행피해…신속·공정수사 요청"" ",http://news.naver.com/main/read.nhn?oid=001&sid1=100&aid=0010003942&mid=shm&mode=LSD&nh=20180404153010
4," 봄비가 씻어낸 미세먼지…수도권, 보름 만에 '좋음' ",http://news.naver.com/main/read.nhn?oid=001&sid1=103&aid=0010003715&mid=shm&mode=LSD&nh=20180404145435
5, 현미경으로 본 미세먼지…KF80 이상 마스크 써야 걸러진다 ,http://news.naver.com/main/hotissue/sectionList.nhn?sid1=103&mid=hot&viewType=pc&cid=1075678&nh=20180404153127#1075684
6," 강공책 꺼내든 미중 무역전쟁, 협상도 속도 내나  ",http://news.naver.com/main/hotissue/sectionList.nhn?sid1=101&mid=hot&viewType=pc&cid=996387&nh=20180404152606
7, 유튜브 총격범은 30대 여성 '유튜버'…동기는 불확실 ,http://news.naver.com/main/read.nhn?oid=421&sid1=104&aid=0003298586&mid=shm&mode=LSD&nh=20180404145846
8," 4월 국회, 의사 일정도 합의 못하고 평행선만…빈손 걱정 ",http://news.naver.com/main/read.nhn?oid=421&sid1=100&aid=0003298722&mid=shm&mode=LSD&nh=20180404153302
9," 인질범 설득했다던 교감, 교무실에 있지도 않았다 ",http://news.naver.com/main/read.nhn?oid=025&sid1=102&aid=0002810536&mid=shm&viewType=pc&mode=LSD&nh=20180404131848
